ing_an,lim_inf_b,lim_sup_b
250580740.25847724,6.5833642623456194,10.50621792632249
